<?xml version="1.0" encoding="UTF-8"?>
<project-private xmlns="http://www.netbeans.org/ns/project-private/1">
    <editor-bookmarks xmlns="http://www.netbeans.org/ns/editor-bookmarks/2" lastBookmarkId="0"/>
    <open-files xmlns="http://www.netbeans.org/ns/projectui-open-files/2">
        <group>
            <file>file:/C:/Users/WILLIAM/Documents/NetBeansProjects/proyecto_final/src/proyecto_final/crear_cuenta.java</file>
            <file>file:/C:/Users/WILLIAM/Documents/NetBeansProjects/proyecto_final/src/proyecto_final/Array_vendedor.java</file>
            <file>file:/C:/Users/WILLIAM/Documents/NetBeansProjects/proyecto_final/src/proyecto_final/Vendedor.java</file>
            <file>file:/C:/Users/WILLIAM/Documents/NetBeansProjects/proyecto_final/src/proyecto_final/vista_login.java</file>
        </group>
    </open-files>
</project-private>
